music,choice
French music,French wine
French music,French wine
French music,French wine
French music,French wine
French music,French wine
French music,French wine
French music,French wine
French music,French wine
French music,French wine
French music,French wine
French music,French wine
French music,French wine
French music,French wine
French music,French wine
French music,French wine
French music,French wine
French music,French wine
French music,French wine
French music,French wine
French music,French wine
French music,French wine
French music,French wine
French music,French wine
French music,French wine
French music,French wine
French music,French wine
French music,French wine
French music,French wine
French music,French wine
French music,French wine
French music,French wine
French music,French wine
French music,French wine
French music,French wine
French music,French wine
French music,French wine
French music,French wine
French music,French wine
French music,French wine
French music,French wine
German music,French wine
German music,French wine
German music,French wine
German music,French wine
German music,French wine
German music,French wine
German music,French wine
German music,French wine
German music,French wine
German music,French wine
German music,French wine
German music,French wine
French music,German wine
French music,German wine
French music,German wine
French music,German wine
French music,German wine
French music,German wine
French music,German wine
French music,German wine
German music,German wine
German music,German wine
German music,German wine
German music,German wine
German music,German wine
German music,German wine
German music,German wine
German music,German wine
German music,German wine
German music,German wine
German music,German wine
German music,German wine
German music,German wine
German music,German wine
German music,German wine
German music,German wine
German music,German wine
German music,German wine
German music,German wine
German music,German wine
German music,German wine
German music,German wine